date,product_id,product_name,units_sold,price
2023-01-01,101,Product A,0,19.99
2023-01-02,101,Product A,0,19.99
2023-01-03,101,Product A,0,19.99
2023-01-04,101,Product A,0,19.99
2023-01-05,101,Product A,0,19.99
2023-01-06,101,Product A,0,19.99
2023-01-07,101,Product A,0,19.99
2023-01-08,101,Product A,0,19.99
2023-01-09,101,Product A,0,19.99
2023-01-10,101,Product A,0,19.99
2023-01-11,101,Product A,0,19.99
2023-01-12,101,Product A,0,19.99
2023-01-13,101,Product A,0,19.99
2023-01-14,101,Product A,0,19.99
2023-01-15,101,Product A,0,19.99
2023-01-16,101,Product A,0,19.99
2023-01-17,101,Product A,0,19.99
2023-01-18,101,Product A,0,19.99
2023-01-19,101,Product A,0,19.99
2023-01-20,101,Product A,0,19.99
2023-01-21,101,Product A,0,19.99
2023-01-22,101,Product A,0,19.99
2023-01-23,101,Product A,0,19.99
2023-01-24,101,Product A,0,19.99
2023-01-25,101,Product A,0,19.99
2023-01-26,101,Product A,0,19.99
2023-01-27,101,Product A,0,19.99
2023-01-28,101,Product A,0,19.99
2023-01-29,101,Product A,0,19.99
2023-01-30,101,Product A,0,19.99
2023-01-31,101,Product A,0,19.99
2023-01-31,101,Product A,0,19.99
2023-02-01,101,Product A,0,19.99
2023-02-02,101,Product A,0,19.99
2023-02-03,101,Product A,0,19.99
2023-02-04,101,Product A,0,19.99
2023-02-05,101,Product A,0,19.99
2023-02-06,101,Product A,0,19.99
2023-02-07,101,Product A,0,19.99
2023-02-08,101,Product A,0,19.99
2023-02-09,101,Product A,0,19.99
2023-02-10,101,Product A,0,19.99
2023-02-11,101,Product A,0,19.99
2023-02-12,101,Product A,0,19.99
2023-02-13,101,Product A,0,19.99
2023-02-14,101,Product A,0,19.99
2023-02-15,101,Product A,0,19.99
2023-02-16,101,Product A,0,19.99
2023-02-17,101,Product A,0,19.99
2023-02-18,101,Product A,0,19.99
2023-02-19,101,Product A,0,19.99
2023-02-20,101,Product A,0,19.99
2023-02-21,101,Product A,0,19.99
2023-02-22,101,Product A,0,19.99
2023-02-23,101,Product A,0,19.99
2023-02-24,101,Product A,0,19.99
2023-02-25,101,Product A,0,19.99
2023-02-26,101,Product A,0,19.99
2023-02-27,101,Product A,0,19.99
2023-03-02,101,Product A,0,19.99
2023-03-03,101,Product A,0,19.99
2023-03-04,101,Product A,0,19.99
2023-03-05,101,Product A,0,19.99
2023-03-06,101,Product A,0,19.99
2023-03-07,101,Product A,0,19.99
2023-03-08,101,Product A,0,19.99
2023-03-09,101,Product A,0,19.99
2023-03-10,101,Product A,0,19.99
2023-03-11,101,Product A,0,19.99
2023-03-12,101,Product A,0,19.99
2023-03-13,101,Product A,0,19.99
2023-03-14,101,Product A,0,19.99
2023-03-15,101,Product A,0,19.99
2023-03-16,101,Product A,0,19.99
2023-03-17,101,Product A,0,19.99
2023-03-18,101,Product A,0,19.99
2023-03-19,101,Product A,0,19.99
2023-03-20,101,Product A,0,19.99
2023-03-21,101,Product A,0,19.99
2023-03-22,101,Product A,0,19.99
2023-03-23,101,Product A,0,19.99
2023-03-24,101,Product A,0,19.99
2023-03-25,101,Product A,0,19.99
2023-03-26,101,Product A,0,19.99
2023-03-27,101,Product A,0,19.99
2023-03-28,101,Product A,0,19.99
2023-03-29,101,Product A,0,19.99
2023-03-30,101,Product A,0,19.99
2023-03-31,101,Product A,0,19.99
2023-04-01,101,Product A,0,19.99
2023-04-01,101,Product A,0,19.99
2023-04-02,101,Product A,0,19.99
2023-04-03,101,Product A,0,19.99
2023-04-04,101,Product A,0,19.99
2023-04-05,101,Product A,0,19.99
2023-04-06,101,Product A,0,19.99
2023-04-07,101,Product A,0,19.99
2023-04-08,101,Product A,0,19.99
2023-04-09,101,Product A,0,19.99
2023-04-10,101,Product A,0,19.99
2023-04-11,101,Product A,0,19.99
2023-04-12,101,Product A,0,19.99
2023-04-13,101,Product A,0,19.99
2023-04-14,101,Product A,0,19.99
2023-04-15,101,Product A,0,19.99
2023-04-16,101,Product A,0,19.99
2023-04-17,101,Product A,0,19.99
2023-04-18,101,Product A,0,19.99
2023-04-19,101,Product A,0,19.99
2023-04-20,101,Product A,0,19.99
2023-04-21,101,Product A,0,19.99
2023-04-22,101,Product A,0,19.99
2023-04-23,101,Product A,0,19.99
2023-04-24,101,Product A,0,19.99
2023-04-25,101,Product A,0,19.99
2023-04-26,101,Product A,0,19.99
2023-04-27,101,Product A,0,19.99
2023-04-28,101,Product A,0,19.99
2023-04-29,101,Product A,0,19.99
2023-04-30,101,Product A,0,19.99
2023-05-01,101,Product A,0,19.99
2023-05-02,101,Product A,0,19.99
2023-05-03,101,Product A,0,19.99
2023-05-04,101,Product A,0,19.99
2023-05-05,101,Product A,0,19.99
2023-05-06,101,Product A,0,19.99
2023-05-07,101,Product A,0,19.99
2023-05-08,101,Product A,0,19.99
2023-05-09,101,Product A,0,19.99
2023-05-10,101,Product A,0,19.99
2023-05-11,101,Product A,0,19.99
2023-05-12,101,Product A,0,19.99
2023-05-13,101,Product A,0,19.99
2023-05-14,101,Product A,0,19.99
2023-05-15,101,Product A,0,19.99
2023-05-16,101,Product A,0,19.99
2023-05-17,101,Product A,0,19.99
2023-05-18,101,Product A,0,19.99
2023-05-19,101,Product A,0,19.99
2023-05-20,101,Product A,0,19.99
2023-05-21,101,Product A,0,19.99
2023-05-22,101,Product A,0,19.99
2023-05-23,101,Product A,0,19.99
2023-05-24,101,Product A,0,19.99
2023-05-25,101,Product A,0,19.99
2023-05-26,101,Product A,0,19.99
2023-05-27,101,Product A,0,19.99
2023-05-28,101,Product A,0,19.99
2023-05-29,101,Product A,0,19.99
2023-05-30,101,Product A,0,19.99
2023-05-31,101,Product A,0,19.99
2023-05-31,101,Product A,1,19.99
2023-06-01,101,Product A,0,19.99
2023-06-02,101,Product A,1,19.99
2023-06-03,101,Product A,0,19.99
2023-06-04,101,Product A,1,19.99
2023-06-05,101,Product A,0,19.99
2023-06-06,101,Product A,0,19.99
2023-06-07,101,Product A,0,19.99
2023-06-08,101,Product A,1,19.99
2023-06-09,101,Product A,0,19.99
2023-06-10,101,Product A,1,19.99
2023-06-11,101,Product A,1,19.99
2023-06-12,101,Product A,1,19.99
2023-06-13,101,Product A,1,19.99
2023-06-14,101,Product A,1,19.99
2023-06-15,101,Product A,0,19.99
2023-06-16,101,Product A,0,19.99
2023-06-17,101,Product A,0,19.99
2023-06-18,101,Product A,0,19.99
2023-06-19,101,Product A,1,19.99
2023-06-20,101,Product A,0,19.99
2023-06-21,101,Product A,1,19.99
2023-06-22,101,Product A,0,19.99
2023-06-23,101,Product A,1,19.99
2023-06-24,101,Product A,1,19.99
2023-06-25,101,Product A,0,19.99
2023-06-26,101,Product A,0,19.99
2023-06-27,101,Product A,0,19.99
2023-06-28,101,Product A,0,19.99
2023-06-29,101,Product A,1,19.99
2023-06-30,101,Product A,1,19.99
2023-07-01,101,Product A,0,19.99
2023-07-02,101,Product A,1,19.99
2023-07-03,101,Product A,1,19.99
2023-07-04,101,Product A,1,19.99
2023-07-05,101,Product A,1,19.99
2023-07-06,101,Product A,0,19.99
2023-07-07,101,Product A,1,19.99
2023-07-08,101,Product A,0,19.99
2023-07-09,101,Product A,0,19.99
2023-07-10,101,Product A,0,19.99
2023-07-11,101,Product A,0,19.99
2023-07-12,101,Product A,1,19.99
2023-07-13,101,Product A,0,19.99
2023-07-14,101,Product A,1,19.99
2023-07-15,101,Product A,0,19.99
2023-07-16,101,Product A,1,19.99
2023-07-17,101,Product A,1,19.99
2023-07-18,101,Product A,0,19.99
2023-07-19,101,Product A,1,19.99
2023-07-20,101,Product A,1,19.99
2023-07-21,101,Product A,0,19.99
2023-07-22,101,Product A,1,19.99
2023-07-23,101,Product A,1,19.99
2023-07-24,101,Product A,1,19.99
2023-07-25,101,Product A,1,19.99
2023-07-26,101,Product A,1,19.99
2023-07-27,101,Product A,1,19.99
2023-07-28,101,Product A,1,19.99
2023-07-29,101,Product A,0,19.99
2023-07-30,101,Product A,0,19.99
2023-07-30,101,Product A,1,19.99
2023-07-31,101,Product A,1,19.99
2023-08-01,101,Product A,0,19.99
2023-08-02,101,Product A,1,19.99
2023-08-03,101,Product A,0,19.99
2023-08-04,101,Product A,0,19.99
2023-08-05,101,Product A,1,19.99
2023-08-06,101,Product A,0,19.99
2023-08-07,101,Product A,0,19.99
2023-08-08,101,Product A,1,19.99
2023-08-09,101,Product A,1,19.99
2023-08-10,101,Product A,1,19.99
2023-08-11,101,Product A,0,19.99
2023-08-12,101,Product A,1,19.99
2023-08-13,101,Product A,1,19.99
2023-08-14,101,Product A,1,19.99
2023-08-15,101,Product A,0,19.99
2023-08-16,101,Product A,1,19.99
2023-08-17,101,Product A,1,19.99
2023-08-18,101,Product A,1,19.99
2023-08-19,101,Product A,1,19.99
2023-08-20,101,Product A,1,19.99
2023-08-21,101,Product A,0,19.99
2023-08-22,101,Product A,0,19.99
2023-08-23,101,Product A,0,19.99
2023-08-24,101,Product A,0,19.99
2023-08-25,101,Product A,0,19.99
2023-08-26,101,Product A,1,19.99
2023-08-27,101,Product A,0,19.99
2023-08-28,101,Product A,1,19.99
2023-08-29,101,Product A,0,19.99
2023-08-29,101,Product A,0,19.99
2023-08-30,101,Product A,0,19.99
2023-08-31,101,Product A,0,19.99
2023-09-01,101,Product A,0,19.99
2023-09-02,101,Product A,1,19.99
2023-09-03,101,Product A,0,19.99
2023-09-04,101,Product A,0,19.99
2023-09-05,101,Product A,0,19.99
2023-09-06,101,Product A,0,19.99
2023-09-07,101,Product A,0,19.99
2023-09-08,101,Product A,0,19.99
2023-09-09,101,Product A,0,19.99
2023-09-10,101,Product A,0,19.99
2023-09-11,101,Product A,0,19.99
2023-09-12,101,Product A,1,19.99
2023-09-13,101,Product A,0,19.99
2023-09-14,101,Product A,0,19.99
2023-09-15,101,Product A,1,19.99
2023-09-16,101,Product A,0,19.99
2023-09-17,101,Product A,0,19.99
2023-09-18,101,Product A,0,19.99
2023-09-19,101,Product A,1,19.99
2023-09-20,101,Product A,1,19.99
2023-09-21,101,Product A,0,19.99
2023-09-22,101,Product A,1,19.99
2023-09-23,101,Product A,0,19.99
2023-09-24,101,Product A,0,19.99
2023-09-25,101,Product A,0,19.99
2023-09-26,101,Product A,0,19.99
2023-09-27,101,Product A,0,19.99
2023-09-28,101,Product A,1,19.99
2023-09-29,101,Product A,1,19.99
2023-09-30,101,Product A,1,19.99
2023-10-01,101,Product A,1,19.99
2023-10-02,101,Product A,1,19.99
2023-10-03,101,Product A,1,19.99
2023-10-04,101,Product A,1,19.99
2023-10-05,101,Product A,1,19.99
2023-10-06,101,Product A,1,19.99
2023-10-07,101,Product A,1,19.99
2023-10-08,101,Product A,1,19.99
2023-10-09,101,Product A,1,19.99
2023-10-10,101,Product A,1,19.99
2023-10-11,101,Product A,1,19.99
2023-10-12,101,Product A,2,19.99
2023-10-13,101,Product A,1,19.99
2023-10-14,101,Product A,1,19.99
2023-10-15,101,Product A,1,19.99
2023-10-16,101,Product A,1,19.99
2023-10-17,101,Product A,1,19.99
2023-10-18,101,Product A,2,19.99
2023-10-19,101,Product A,2,19.99
2023-10-20,101,Product A,1,19.99
2023-10-21,101,Product A,1,19.99
2023-10-22,101,Product A,2,19.99
2023-10-23,101,Product A,1,19.99
2023-10-24,101,Product A,1,19.99
2023-10-25,101,Product A,1,19.99
2023-10-26,101,Product A,2,19.99
2023-10-27,101,Product A,1,19.99
2023-10-28,101,Product A,1,19.99
2023-10-28,101,Product A,1,19.99
2023-10-29,101,Product A,1,19.99
2023-10-30,101,Product A,1,19.99
2023-10-31,101,Product A,2,19.99
2023-11-01,101,Product A,1,19.99
2023-11-02,101,Product A,1,19.99
2023-11-03,101,Product A,1,19.99
2023-11-04,101,Product A,1,19.99
2023-11-05,101,Product A,2,19.99
2023-11-06,101,Product A,2,19.99
2023-11-07,101,Product A,1,19.99
2023-11-08,101,Product A,1,19.99
2023-11-09,101,Product A,1,19.99
2023-11-10,101,Product A,1,19.99
2023-11-11,101,Product A,2,19.99
2023-11-12,101,Product A,2,19.99
2023-11-13,101,Product A,2,19.99
2023-11-14,101,Product A,1,19.99
2023-11-15,101,Product A,2,19.99
2023-11-16,101,Product A,2,19.99
2023-11-17,101,Product A,2,19.99
2023-11-18,101,Product A,1,19.99
2023-11-19,101,Product A,1,19.99
2023-11-20,101,Product A,1,19.99
2023-11-21,101,Product A,1,19.99
2023-11-22,101,Product A,1,19.99
2023-11-23,101,Product A,2,19.99
2023-11-24,101,Product A,2,19.99
2023-11-25,101,Product A,2,19.99
2023-11-26,101,Product A,2,19.99
2023-11-27,101,Product A,1,19.99
2023-11-28,101,Product A,1,19.99
2023-11-29,101,Product A,1,19.99
2023-11-30,101,Product A,2,19.99
2023-12-01,101,Product A,2,19.99
2023-12-02,101,Product A,2,19.99
2023-12-03,101,Product A,1,19.99
2023-12-04,101,Product A,1,19.99
2023-12-05,101,Product A,1,19.99
2023-12-06,101,Product A,2,19.99
2023-12-07,101,Product A,2,19.99
2023-12-08,101,Product A,1,19.99
2023-12-09,101,Product A,2,19.99
2023-12-10,101,Product A,2,19.99
2023-12-11,101,Product A,2,19.99
2023-12-12,101,Product A,1,19.99
2023-12-13,101,Product A,1,19.99
2023-12-14,101,Product A,1,19.99
2023-12-15,101,Product A,2,19.99
2023-12-16,101,Product A,2,19.99
2023-12-17,101,Product A,2,19.99
2023-12-18,101,Product A,1,19.99
2023-12-19,101,Product A,2,19.99
2023-12-20,101,Product A,2,19.99
2023-12-21,101,Product A,1,19.99
2023-12-22,101,Product A,1,19.99
2023-12-23,101,Product A,1,19.99
2023-12-24,101,Product A,1,19.99
2023-12-25,101,Product A,2,19.99
2023-12-26,101,Product A,2,19.99
2023-12-27,101,Product A,1,19.99
2023-01-01,102,Product B,0,29.99
2023-01-02,102,Product B,0,29.99
2023-01-03,102,Product B,0,29.99
2023-01-04,102,Product B,0,29.99
2023-01-05,102,Product B,0,29.99
2023-01-06,102,Product B,0,29.99
2023-01-07,102,Product B,0,29.99
2023-01-08,102,Product B,0,29.99
2023-01-09,102,Product B,0,29.99
2023-01-10,102,Product B,0,29.99
2023-01-11,102,Product B,0,29.99
2023-01-12,102,Product B,0,29.99
2023-01-13,102,Product B,0,29.99
2023-01-14,102,Product B,0,29.99
2023-01-15,102,Product B,0,29.99
2023-01-16,102,Product B,0,29.99
2023-01-17,102,Product B,0,29.99
2023-01-18,102,Product B,0,29.99
2023-01-19,102,Product B,0,29.99
2023-01-20,102,Product B,0,29.99
2023-01-21,102,Product B,0,29.99
2023-01-22,102,Product B,1,29.99
2023-01-23,102,Product B,0,29.99
2023-01-24,102,Product B,0,29.99
2023-01-25,102,Product B,0,29.99
2023-01-26,102,Product B,1,29.99
2023-01-27,102,Product B,1,29.99
2023-01-28,102,Product B,0,29.99
2023-01-29,102,Product B,0,29.99
2023-01-30,102,Product B,0,29.99
2023-01-31,102,Product B,0,29.99
2023-01-31,102,Product B,0,29.99
2023-02-01,102,Product B,1,29.99
2023-02-02,102,Product B,1,29.99
2023-02-03,102,Product B,0,29.99
2023-02-04,102,Product B,0,29.99
2023-02-05,102,Product B,1,29.99
2023-02-06,102,Product B,0,29.99
2023-02-07,102,Product B,0,29.99
2023-02-08,102,Product B,1,29.99
2023-02-09,102,Product B,1,29.99
2023-02-10,102,Product B,1,29.99
2023-02-11,102,Product B,1,29.99
2023-02-12,102,Product B,0,29.99
2023-02-13,102,Product B,0,29.99
2023-02-14,102,Product B,1,29.99
2023-02-15,102,Product B,1,29.99
2023-02-16,102,Product B,0,29.99
2023-02-17,102,Product B,1,29.99
2023-02-18,102,Product B,1,29.99
2023-02-19,102,Product B,1,29.99
2023-02-20,102,Product B,0,29.99
2023-02-21,102,Product B,1,29.99
2023-02-22,102,Product B,1,29.99
2023-02-23,102,Product B,0,29.99
2023-02-24,102,Product B,1,29.99
2023-02-25,102,Product B,0,29.99
2023-02-26,102,Product B,0,29.99
2023-02-27,102,Product B,1,29.99
2023-03-02,102,Product B,1,29.99
2023-03-03,102,Product B,1,29.99
2023-03-04,102,Product B,1,29.99
2023-03-05,102,Product B,1,29.99
2023-03-06,102,Product B,0,29.99
2023-03-07,102,Product B,0,29.99
2023-03-08,102,Product B,1,29.99
2023-03-09,102,Product B,0,29.99
2023-03-10,102,Product B,1,29.99
2023-03-11,102,Product B,1,29.99
2023-03-12,102,Product B,1,29.99
2023-03-13,102,Product B,1,29.99
2023-03-14,102,Product B,0,29.99
2023-03-15,102,Product B,0,29.99
2023-03-16,102,Product B,0,29.99
2023-03-17,102,Product B,1,29.99
2023-03-18,102,Product B,1,29.99
2023-03-19,102,Product B,0,29.99
2023-03-20,102,Product B,0,29.99
2023-03-21,102,Product B,0,29.99
2023-03-22,102,Product B,0,29.99
2023-03-23,102,Product B,0,29.99
2023-03-24,102,Product B,1,29.99
2023-03-25,102,Product B,0,29.99
2023-03-26,102,Product B,1,29.99
2023-03-27,102,Product B,1,29.99
2023-03-28,102,Product B,0,29.99
2023-03-29,102,Product B,0,29.99
2023-03-30,102,Product B,0,29.99
2023-03-31,102,Product B,1,29.99
2023-04-01,102,Product B,1,29.99
2023-04-01,102,Product B,1,29.99
2023-04-02,102,Product B,0,29.99
2023-04-03,102,Product B,1,29.99
2023-04-04,102,Product B,1,29.99
2023-04-05,102,Product B,0,29.99
2023-04-06,102,Product B,1,29.99
2023-04-07,102,Product B,0,29.99
2023-04-08,102,Product B,1,29.99
2023-04-09,102,Product B,0,29.99
2023-04-10,102,Product B,1,29.99
2023-04-11,102,Product B,0,29.99
2023-04-12,102,Product B,1,29.99
2023-04-13,102,Product B,1,29.99
2023-04-14,102,Product B,1,29.99
2023-04-15,102,Product B,0,29.99
2023-04-16,102,Product B,0,29.99
2023-04-17,102,Product B,0,29.99
2023-04-18,102,Product B,0,29.99
2023-04-19,102,Product B,1,29.99
2023-04-20,102,Product B,1,29.99
2023-04-21,102,Product B,1,29.99
2023-04-22,102,Product B,1,29.99
2023-04-23,102,Product B,0,29.99
2023-04-24,102,Product B,0,29.99
2023-04-25,102,Product B,1,29.99
2023-04-26,102,Product B,0,29.99
2023-04-27,102,Product B,1,29.99
2023-04-28,102,Product B,1,29.99
2023-04-29,102,Product B,0,29.99
2023-04-30,102,Product B,1,29.99
2023-05-01,102,Product B,1,29.99
2023-05-02,102,Product B,0,29.99
2023-05-03,102,Product B,0,29.99
2023-05-04,102,Product B,0,29.99
2023-05-05,102,Product B,1,29.99
2023-05-06,102,Product B,0,29.99
2023-05-07,102,Product B,0,29.99
2023-05-08,102,Product B,1,29.99
2023-05-09,102,Product B,1,29.99
2023-05-10,102,Product B,1,29.99
2023-05-11,102,Product B,1,29.99
2023-05-12,102,Product B,1,29.99
2023-05-13,102,Product B,1,29.99
2023-05-14,102,Product B,1,29.99
2023-05-15,102,Product B,0,29.99
2023-05-16,102,Product B,1,29.99
2023-05-17,102,Product B,1,29.99
2023-05-18,102,Product B,1,29.99
2023-05-19,102,Product B,1,29.99
2023-05-20,102,Product B,0,29.99
2023-05-21,102,Product B,0,29.99
2023-05-22,102,Product B,1,29.99
2023-05-23,102,Product B,0,29.99
2023-05-24,102,Product B,1,29.99
2023-05-25,102,Product B,1,29.99
2023-05-26,102,Product B,1,29.99
2023-05-27,102,Product B,1,29.99
2023-05-28,102,Product B,0,29.99
2023-05-29,102,Product B,1,29.99
2023-05-30,102,Product B,0,29.99
2023-05-31,102,Product B,1,29.99
2023-05-31,102,Product B,1,29.99
2023-06-01,102,Product B,1,29.99
2023-06-02,102,Product B,1,29.99
2023-06-03,102,Product B,1,29.99
2023-06-04,102,Product B,1,29.99
2023-06-05,102,Product B,1,29.99
2023-06-06,102,Product B,1,29.99
2023-06-07,102,Product B,1,29.99
2023-06-08,102,Product B,1,29.99
2023-06-09,102,Product B,1,29.99
2023-06-10,102,Product B,1,29.99
2023-06-11,102,Product B,1,29.99
2023-06-12,102,Product B,1,29.99
2023-06-13,102,Product B,1,29.99
2023-06-14,102,Product B,1,29.99
2023-06-15,102,Product B,1,29.99
2023-06-16,102,Product B,1,29.99
2023-06-17,102,Product B,1,29.99
2023-06-18,102,Product B,1,29.99
2023-06-19,102,Product B,1,29.99
2023-06-20,102,Product B,1,29.99
2023-06-21,102,Product B,1,29.99
2023-06-22,102,Product B,1,29.99
2023-06-23,102,Product B,1,29.99
2023-06-24,102,Product B,1,29.99
2023-06-25,102,Product B,1,29.99
2023-06-26,102,Product B,1,29.99
2023-06-27,102,Product B,1,29.99
2023-06-28,102,Product B,1,29.99
2023-06-29,102,Product B,1,29.99
2023-06-30,102,Product B,1,29.99
2023-07-01,102,Product B,1,29.99
2023-07-02,102,Product B,1,29.99
2023-07-03,102,Product B,1,29.99
2023-07-04,102,Product B,1,29.99
2023-07-05,102,Product B,1,29.99
2023-07-06,102,Product B,1,29.99
2023-07-07,102,Product B,1,29.99
2023-07-08,102,Product B,1,29.99
2023-07-09,102,Product B,1,29.99
2023-07-10,102,Product B,1,29.99
2023-07-11,102,Product B,1,29.99
2023-07-12,102,Product B,1,29.99
2023-07-13,102,Product B,1,29.99
2023-07-14,102,Product B,1,29.99
2023-07-15,102,Product B,1,29.99
2023-07-16,102,Product B,1,29.99
2023-07-17,102,Product B,1,29.99
2023-07-18,102,Product B,1,29.99
2023-07-19,102,Product B,1,29.99
2023-07-20,102,Product B,1,29.99
2023-07-21,102,Product B,1,29.99
2023-07-22,102,Product B,1,29.99
2023-07-23,102,Product B,1,29.99
2023-07-24,102,Product B,1,29.99
2023-07-25,102,Product B,1,29.99
2023-07-26,102,Product B,1,29.99
2023-07-27,102,Product B,1,29.99
2023-07-28,102,Product B,1,29.99
2023-07-29,102,Product B,1,29.99
2023-07-30,102,Product B,1,29.99
2023-07-30,102,Product B,1,29.99
2023-07-31,102,Product B,1,29.99
2023-08-01,102,Product B,1,29.99
2023-08-02,102,Product B,1,29.99
2023-08-03,102,Product B,1,29.99
2023-08-04,102,Product B,1,29.99
2023-08-05,102,Product B,1,29.99
2023-08-06,102,Product B,1,29.99
2023-08-07,102,Product B,1,29.99
2023-08-08,102,Product B,1,29.99
2023-08-09,102,Product B,1,29.99
2023-08-10,102,Product B,1,29.99
2023-08-11,102,Product B,1,29.99
2023-08-12,102,Product B,1,29.99
2023-08-13,102,Product B,1,29.99
2023-08-14,102,Product B,1,29.99
2023-08-15,102,Product B,1,29.99
2023-08-16,102,Product B,1,29.99
2023-08-17,102,Product B,1,29.99
2023-08-18,102,Product B,1,29.99
2023-08-19,102,Product B,1,29.99
2023-08-20,102,Product B,1,29.99
2023-08-21,102,Product B,1,29.99
2023-08-22,102,Product B,1,29.99
2023-08-23,102,Product B,1,29.99
2023-08-24,102,Product B,1,29.99
2023-08-25,102,Product B,1,29.99
2023-08-26,102,Product B,1,29.99
2023-08-27,102,Product B,1,29.99
2023-08-28,102,Product B,1,29.99
2023-08-29,102,Product B,1,29.99
2023-08-29,102,Product B,1,29.99
2023-08-30,102,Product B,1,29.99
2023-08-31,102,Product B,1,29.99
2023-09-01,102,Product B,1,29.99
2023-09-02,102,Product B,1,29.99
2023-09-03,102,Product B,1,29.99
2023-09-04,102,Product B,1,29.99
2023-09-05,102,Product B,1,29.99
2023-09-06,102,Product B,1,29.99
2023-09-07,102,Product B,1,29.99
2023-09-08,102,Product B,1,29.99
2023-09-09,102,Product B,1,29.99
2023-09-10,102,Product B,1,29.99
2023-09-11,102,Product B,1,29.99
2023-09-12,102,Product B,1,29.99
2023-09-13,102,Product B,1,29.99
2023-09-14,102,Product B,1,29.99
2023-09-15,102,Product B,1,29.99
2023-09-16,102,Product B,1,29.99
2023-09-17,102,Product B,1,29.99
2023-09-18,102,Product B,1,29.99
2023-09-19,102,Product B,1,29.99
2023-09-20,102,Product B,1,29.99
2023-09-21,102,Product B,1,29.99
2023-09-22,102,Product B,1,29.99
2023-09-23,102,Product B,1,29.99
2023-09-24,102,Product B,1,29.99
2023-09-25,102,Product B,1,29.99
2023-09-26,102,Product B,1,29.99
2023-09-27,102,Product B,1,29.99
2023-09-28,102,Product B,3,29.99
2023-09-29,102,Product B,2,29.99
2023-09-30,102,Product B,2,29.99
2023-10-01,102,Product B,2,29.99
2023-10-02,102,Product B,2,29.99
2023-10-03,102,Product B,3,29.99
2023-10-04,102,Product B,2,29.99
2023-10-05,102,Product B,2,29.99
2023-10-06,102,Product B,3,29.99
2023-10-07,102,Product B,2,29.99
2023-10-08,102,Product B,2,29.99
2023-10-09,102,Product B,2,29.99
2023-10-10,102,Product B,2,29.99
2023-10-11,102,Product B,2,29.99
2023-10-12,102,Product B,2,29.99
2023-10-13,102,Product B,2,29.99
2023-10-14,102,Product B,2,29.99
2023-10-15,102,Product B,2,29.99
2023-10-16,102,Product B,3,29.99
2023-10-17,102,Product B,2,29.99
2023-10-18,102,Product B,2,29.99
2023-10-19,102,Product B,2,29.99
2023-10-20,102,Product B,2,29.99
2023-10-21,102,Product B,2,29.99
2023-10-22,102,Product B,2,29.99
2023-10-23,102,Product B,2,29.99
2023-10-24,102,Product B,2,29.99
2023-10-25,102,Product B,2,29.99
2023-10-26,102,Product B,3,29.99
2023-10-27,102,Product B,3,29.99
2023-10-28,102,Product B,2,29.99
2023-10-28,102,Product B,2,29.99
2023-10-29,102,Product B,3,29.99
2023-10-30,102,Product B,2,29.99
2023-10-31,102,Product B,2,29.99
2023-11-01,102,Product B,2,29.99
2023-11-02,102,Product B,2,29.99
2023-11-03,102,Product B,3,29.99
2023-11-04,102,Product B,2,29.99
2023-11-05,102,Product B,3,29.99
2023-11-06,102,Product B,2,29.99
2023-11-07,102,Product B,2,29.99
2023-11-08,102,Product B,2,29.99
2023-11-09,102,Product B,2,29.99
2023-11-10,102,Product B,3,29.99
2023-11-11,102,Product B,2,29.99
2023-11-12,102,Product B,2,29.99
2023-11-13,102,Product B,3,29.99
2023-11-14,102,Product B,3,29.99
2023-11-15,102,Product B,3,29.99
2023-11-16,102,Product B,2,29.99
2023-11-17,102,Product B,3,29.99
2023-11-18,102,Product B,3,29.99
2023-11-19,102,Product B,3,29.99
2023-11-20,102,Product B,2,29.99
2023-11-21,102,Product B,2,29.99
2023-11-22,102,Product B,2,29.99
2023-11-23,102,Product B,2,29.99
2023-11-24,102,Product B,3,29.99
2023-11-25,102,Product B,2,29.99
2023-11-26,102,Product B,3,29.99
2023-11-27,102,Product B,2,29.99
2023-11-28,102,Product B,3,29.99
2023-11-29,102,Product B,2,29.99
2023-11-30,102,Product B,3,29.99
2023-12-01,102,Product B,2,29.99
2023-12-02,102,Product B,3,29.99
2023-12-03,102,Product B,3,29.99
2023-12-04,102,Product B,2,29.99
2023-12-05,102,Product B,2,29.99
2023-12-06,102,Product B,2,29.99
2023-12-07,102,Product B,3,29.99
2023-12-08,102,Product B,2,29.99
2023-12-09,102,Product B,2,29.99
2023-12-10,102,Product B,2,29.99
2023-12-11,102,Product B,2,29.99
2023-12-12,102,Product B,2,29.99
2023-12-13,102,Product B,3,29.99
2023-12-14,102,Product B,2,29.99
2023-12-15,102,Product B,2,29.99
2023-12-16,102,Product B,3,29.99
2023-12-17,102,Product B,2,29.99
2023-12-18,102,Product B,2,29.99
2023-12-19,102,Product B,3,29.99
2023-12-20,102,Product B,3,29.99
2023-12-21,102,Product B,2,29.99
2023-12-22,102,Product B,3,29.99
2023-12-23,102,Product B,2,29.99
2023-12-24,102,Product B,3,29.99
2023-12-25,102,Product B,3,29.99
2023-12-26,102,Product B,2,29.99
2023-12-27,102,Product B,3,29.99
2023-01-01,103,Product C,1,9.99
2023-01-02,103,Product C,1,9.99
2023-01-03,103,Product C,1,9.99
2023-01-04,103,Product C,1,9.99
2023-01-05,103,Product C,1,9.99
2023-01-06,103,Product C,0,9.99
2023-01-07,103,Product C,1,9.99
2023-01-08,103,Product C,0,9.99
2023-01-09,103,Product C,0,9.99
2023-01-10,103,Product C,1,9.99
2023-01-11,103,Product C,0,9.99
2023-01-12,103,Product C,1,9.99
2023-01-13,103,Product C,1,9.99
2023-01-14,103,Product C,1,9.99
2023-01-15,103,Product C,1,9.99
2023-01-16,103,Product C,0,9.99
2023-01-17,103,Product C,1,9.99
2023-01-18,103,Product C,1,9.99
2023-01-19,103,Product C,1,9.99
2023-01-20,103,Product C,1,9.99
2023-01-21,103,Product C,1,9.99
2023-01-22,103,Product C,1,9.99
2023-01-23,103,Product C,1,9.99
2023-01-24,103,Product C,0,9.99
2023-01-25,103,Product C,1,9.99
2023-01-26,103,Product C,1,9.99
2023-01-27,103,Product C,1,9.99
2023-01-28,103,Product C,1,9.99
2023-01-29,103,Product C,1,9.99
2023-01-30,103,Product C,1,9.99
2023-01-31,103,Product C,1,9.99
2023-01-31,103,Product C,1,9.99
2023-02-01,103,Product C,1,9.99
2023-02-02,103,Product C,1,9.99
2023-02-03,103,Product C,1,9.99
2023-02-04,103,Product C,1,9.99
2023-02-05,103,Product C,1,9.99
2023-02-06,103,Product C,1,9.99
2023-02-07,103,Product C,1,9.99
2023-02-08,103,Product C,1,9.99
2023-02-09,103,Product C,1,9.99
2023-02-10,103,Product C,1,9.99
2023-02-11,103,Product C,1,9.99
2023-02-12,103,Product C,1,9.99
2023-02-13,103,Product C,1,9.99
2023-02-14,103,Product C,1,9.99
2023-02-15,103,Product C,1,9.99
2023-02-16,103,Product C,1,9.99
2023-02-17,103,Product C,1,9.99
2023-02-18,103,Product C,1,9.99
2023-02-19,103,Product C,1,9.99
2023-02-20,103,Product C,1,9.99
2023-02-21,103,Product C,1,9.99
2023-02-22,103,Product C,1,9.99
2023-02-23,103,Product C,1,9.99
2023-02-24,103,Product C,1,9.99
2023-02-25,103,Product C,1,9.99
2023-02-26,103,Product C,1,9.99
2023-02-27,103,Product C,1,9.99
2023-03-02,103,Product C,1,9.99
2023-03-03,103,Product C,1,9.99
2023-03-04,103,Product C,1,9.99
2023-03-05,103,Product C,1,9.99
2023-03-06,103,Product C,1,9.99
2023-03-07,103,Product C,1,9.99
2023-03-08,103,Product C,1,9.99
2023-03-09,103,Product C,1,9.99
2023-03-10,103,Product C,1,9.99
2023-03-11,103,Product C,1,9.99
2023-03-12,103,Product C,1,9.99
2023-03-13,103,Product C,1,9.99
2023-03-14,103,Product C,1,9.99
2023-03-15,103,Product C,1,9.99
2023-03-16,103,Product C,1,9.99
2023-03-17,103,Product C,1,9.99
2023-03-18,103,Product C,1,9.99
2023-03-19,103,Product C,1,9.99
2023-03-20,103,Product C,1,9.99
2023-03-21,103,Product C,1,9.99
2023-03-22,103,Product C,1,9.99
2023-03-23,103,Product C,1,9.99
2023-03-24,103,Product C,1,9.99
2023-03-25,103,Product C,1,9.99
2023-03-26,103,Product C,1,9.99
2023-03-27,103,Product C,1,9.99
2023-03-28,103,Product C,1,9.99
2023-03-29,103,Product C,1,9.99
2023-03-30,103,Product C,1,9.99
2023-03-31,103,Product C,1,9.99
2023-04-01,103,Product C,1,9.99
2023-04-01,103,Product C,1,9.99
2023-04-02,103,Product C,1,9.99
2023-04-03,103,Product C,1,9.99
2023-04-04,103,Product C,1,9.99
2023-04-05,103,Product C,1,9.99
2023-04-06,103,Product C,1,9.99
2023-04-07,103,Product C,1,9.99
2023-04-08,103,Product C,1,9.99
2023-04-09,103,Product C,1,9.99
2023-04-10,103,Product C,1,9.99
2023-04-11,103,Product C,1,9.99
2023-04-12,103,Product C,1,9.99
2023-04-13,103,Product C,1,9.99
2023-04-14,103,Product C,1,9.99
2023-04-15,103,Product C,1,9.99
2023-04-16,103,Product C,1,9.99
2023-04-17,103,Product C,1,9.99
2023-04-18,103,Product C,1,9.99
2023-04-19,103,Product C,1,9.99
2023-04-20,103,Product C,1,9.99
2023-04-21,103,Product C,1,9.99
2023-04-22,103,Product C,1,9.99
2023-04-23,103,Product C,1,9.99
2023-04-24,103,Product C,1,9.99
2023-04-25,103,Product C,1,9.99
2023-04-26,103,Product C,1,9.99
2023-04-27,103,Product C,1,9.99
2023-04-28,103,Product C,1,9.99
2023-04-29,103,Product C,1,9.99
2023-04-30,103,Product C,1,9.99
2023-05-01,103,Product C,1,9.99
2023-05-02,103,Product C,1,9.99
2023-05-03,103,Product C,1,9.99
2023-05-04,103,Product C,1,9.99
2023-05-05,103,Product C,1,9.99
2023-05-06,103,Product C,1,9.99
2023-05-07,103,Product C,1,9.99
2023-05-08,103,Product C,1,9.99
2023-05-09,103,Product C,1,9.99
2023-05-10,103,Product C,1,9.99
2023-05-11,103,Product C,1,9.99
2023-05-12,103,Product C,1,9.99
2023-05-13,103,Product C,1,9.99
2023-05-14,103,Product C,1,9.99
2023-05-15,103,Product C,1,9.99
2023-05-16,103,Product C,1,9.99
2023-05-17,103,Product C,1,9.99
2023-05-18,103,Product C,1,9.99
2023-05-19,103,Product C,1,9.99
2023-05-20,103,Product C,1,9.99
2023-05-21,103,Product C,1,9.99
2023-05-22,103,Product C,1,9.99
2023-05-23,103,Product C,1,9.99
2023-05-24,103,Product C,1,9.99
2023-05-25,103,Product C,1,9.99
2023-05-26,103,Product C,1,9.99
2023-05-27,103,Product C,1,9.99
2023-05-28,103,Product C,1,9.99
2023-05-29,103,Product C,1,9.99
2023-05-30,103,Product C,1,9.99
2023-05-31,103,Product C,1,9.99
2023-05-31,103,Product C,1,9.99
2023-06-01,103,Product C,1,9.99
2023-06-02,103,Product C,2,9.99
2023-06-03,103,Product C,1,9.99
2023-06-04,103,Product C,2,9.99
2023-06-05,103,Product C,2,9.99
2023-06-06,103,Product C,2,9.99
2023-06-07,103,Product C,2,9.99
2023-06-08,103,Product C,2,9.99
2023-06-09,103,Product C,1,9.99
2023-06-10,103,Product C,1,9.99
2023-06-11,103,Product C,2,9.99
2023-06-12,103,Product C,2,9.99
2023-06-13,103,Product C,1,9.99
2023-06-14,103,Product C,1,9.99
2023-06-15,103,Product C,2,9.99
2023-06-16,103,Product C,1,9.99
2023-06-17,103,Product C,2,9.99
2023-06-18,103,Product C,1,9.99
2023-06-19,103,Product C,2,9.99
2023-06-20,103,Product C,2,9.99
2023-06-21,103,Product C,1,9.99
2023-06-22,103,Product C,2,9.99
2023-06-23,103,Product C,2,9.99
2023-06-24,103,Product C,2,9.99
2023-06-25,103,Product C,2,9.99
2023-06-26,103,Product C,1,9.99
2023-06-27,103,Product C,2,9.99
2023-06-28,103,Product C,2,9.99
2023-06-29,103,Product C,1,9.99
2023-06-30,103,Product C,1,9.99
2023-07-01,103,Product C,2,9.99
2023-07-02,103,Product C,1,9.99
2023-07-03,103,Product C,1,9.99
2023-07-04,103,Product C,1,9.99
2023-07-05,103,Product C,2,9.99
2023-07-06,103,Product C,1,9.99
2023-07-07,103,Product C,1,9.99
2023-07-08,103,Product C,1,9.99
2023-07-09,103,Product C,2,9.99
2023-07-10,103,Product C,1,9.99
2023-07-11,103,Product C,2,9.99
2023-07-12,103,Product C,1,9.99
2023-07-13,103,Product C,1,9.99
2023-07-14,103,Product C,2,9.99
2023-07-15,103,Product C,1,9.99
2023-07-16,103,Product C,1,9.99
2023-07-17,103,Product C,2,9.99
2023-07-18,103,Product C,2,9.99
2023-07-19,103,Product C,1,9.99
2023-07-20,103,Product C,2,9.99
2023-07-21,103,Product C,1,9.99
2023-07-22,103,Product C,1,9.99
2023-07-23,103,Product C,2,9.99
2023-07-24,103,Product C,2,9.99
2023-07-25,103,Product C,1,9.99
2023-07-26,103,Product C,2,9.99
2023-07-27,103,Product C,2,9.99
2023-07-28,103,Product C,2,9.99
2023-07-29,103,Product C,2,9.99
2023-07-30,103,Product C,2,9.99
2023-07-30,103,Product C,2,9.99
2023-07-31,103,Product C,2,9.99
2023-08-01,103,Product C,1,9.99
2023-08-02,103,Product C,1,9.99
2023-08-03,103,Product C,1,9.99
2023-08-04,103,Product C,2,9.99
2023-08-05,103,Product C,2,9.99
2023-08-06,103,Product C,2,9.99
2023-08-07,103,Product C,2,9.99
2023-08-08,103,Product C,1,9.99
2023-08-09,103,Product C,2,9.99
2023-08-10,103,Product C,1,9.99
2023-08-11,103,Product C,2,9.99
2023-08-12,103,Product C,2,9.99
2023-08-13,103,Product C,2,9.99
2023-08-14,103,Product C,2,9.99
2023-08-15,103,Product C,1,9.99
2023-08-16,103,Product C,2,9.99
2023-08-17,103,Product C,1,9.99
2023-08-18,103,Product C,1,9.99
2023-08-19,103,Product C,2,9.99
2023-08-20,103,Product C,2,9.99
2023-08-21,103,Product C,2,9.99
2023-08-22,103,Product C,2,9.99
2023-08-23,103,Product C,2,9.99
2023-08-24,103,Product C,2,9.99
2023-08-25,103,Product C,2,9.99
2023-08-26,103,Product C,1,9.99
2023-08-27,103,Product C,2,9.99
2023-08-28,103,Product C,2,9.99
2023-08-29,103,Product C,2,9.99
2023-08-29,103,Product C,2,9.99
2023-08-30,103,Product C,1,9.99
2023-08-31,103,Product C,1,9.99
2023-09-01,103,Product C,2,9.99
2023-09-02,103,Product C,1,9.99
2023-09-03,103,Product C,1,9.99
2023-09-04,103,Product C,2,9.99
2023-09-05,103,Product C,1,9.99
2023-09-06,103,Product C,1,9.99
2023-09-07,103,Product C,2,9.99
2023-09-08,103,Product C,1,9.99
2023-09-09,103,Product C,1,9.99
2023-09-10,103,Product C,1,9.99
2023-09-11,103,Product C,1,9.99
2023-09-12,103,Product C,1,9.99
2023-09-13,103,Product C,1,9.99
2023-09-14,103,Product C,1,9.99
2023-09-15,103,Product C,1,9.99
2023-09-16,103,Product C,1,9.99
2023-09-17,103,Product C,1,9.99
2023-09-18,103,Product C,2,9.99
2023-09-19,103,Product C,1,9.99
2023-09-20,103,Product C,1,9.99
2023-09-21,103,Product C,1,9.99
2023-09-22,103,Product C,1,9.99
2023-09-23,103,Product C,1,9.99
2023-09-24,103,Product C,1,9.99
2023-09-25,103,Product C,2,9.99
2023-09-26,103,Product C,1,9.99
2023-09-27,103,Product C,2,9.99
2023-09-28,103,Product C,3,9.99
2023-09-29,103,Product C,3,9.99
2023-09-30,103,Product C,4,9.99
2023-10-01,103,Product C,3,9.99
2023-10-02,103,Product C,3,9.99
2023-10-03,103,Product C,3,9.99
2023-10-04,103,Product C,3,9.99
2023-10-05,103,Product C,3,9.99
2023-10-06,103,Product C,3,9.99
2023-10-07,103,Product C,4,9.99
2023-10-08,103,Product C,4,9.99
2023-10-09,103,Product C,3,9.99
2023-10-10,103,Product C,3,9.99
2023-10-11,103,Product C,3,9.99
2023-10-12,103,Product C,3,9.99
2023-10-13,103,Product C,3,9.99
2023-10-14,103,Product C,3,9.99
2023-10-15,103,Product C,3,9.99
2023-10-16,103,Product C,3,9.99
2023-10-17,103,Product C,3,9.99
2023-10-18,103,Product C,2,9.99
2023-10-19,103,Product C,3,9.99
2023-10-20,103,Product C,4,9.99
2023-10-21,103,Product C,3,9.99
2023-10-22,103,Product C,4,9.99
2023-10-23,103,Product C,3,9.99
2023-10-24,103,Product C,3,9.99
2023-10-25,103,Product C,3,9.99
2023-10-26,103,Product C,3,9.99
2023-10-27,103,Product C,3,9.99
2023-10-28,103,Product C,3,9.99
2023-10-28,103,Product C,3,9.99
2023-10-29,103,Product C,4,9.99
2023-10-30,103,Product C,3,9.99
2023-10-31,103,Product C,4,9.99
2023-11-01,103,Product C,3,9.99
2023-11-02,103,Product C,3,9.99
2023-11-03,103,Product C,3,9.99
2023-11-04,103,Product C,3,9.99
2023-11-05,103,Product C,4,9.99
2023-11-06,103,Product C,3,9.99
2023-11-07,103,Product C,3,9.99
2023-11-08,103,Product C,3,9.99
2023-11-09,103,Product C,4,9.99
2023-11-10,103,Product C,3,9.99
2023-11-11,103,Product C,4,9.99
2023-11-12,103,Product C,3,9.99
2023-11-13,103,Product C,3,9.99
2023-11-14,103,Product C,4,9.99
2023-11-15,103,Product C,4,9.99
2023-11-16,103,Product C,4,9.99
2023-11-17,103,Product C,4,9.99
2023-11-18,103,Product C,3,9.99
2023-11-19,103,Product C,4,9.99
2023-11-20,103,Product C,4,9.99
2023-11-21,103,Product C,3,9.99
2023-11-22,103,Product C,3,9.99
2023-11-23,103,Product C,4,9.99
2023-11-24,103,Product C,3,9.99
2023-11-25,103,Product C,4,9.99
2023-11-26,103,Product C,4,9.99
2023-11-27,103,Product C,4,9.99
2023-11-28,103,Product C,4,9.99
2023-11-29,103,Product C,3,9.99
2023-11-30,103,Product C,3,9.99
2023-12-01,103,Product C,4,9.99
2023-12-02,103,Product C,4,9.99
2023-12-03,103,Product C,3,9.99
2023-12-04,103,Product C,3,9.99
2023-12-05,103,Product C,3,9.99
2023-12-06,103,Product C,3,9.99
2023-12-07,103,Product C,4,9.99
2023-12-08,103,Product C,3,9.99
2023-12-09,103,Product C,4,9.99
2023-12-10,103,Product C,4,9.99
2023-12-11,103,Product C,3,9.99
2023-12-12,103,Product C,4,9.99
2023-12-13,103,Product C,4,9.99
2023-12-14,103,Product C,3,9.99
2023-12-15,103,Product C,4,9.99
2023-12-16,103,Product C,3,9.99
2023-12-17,103,Product C,4,9.99
2023-12-18,103,Product C,3,9.99
2023-12-19,103,Product C,3,9.99
2023-12-20,103,Product C,3,9.99
2023-12-21,103,Product C,4,9.99
2023-12-22,103,Product C,3,9.99
2023-12-23,103,Product C,4,9.99
2023-12-24,103,Product C,4,9.99
2023-12-25,103,Product C,4,9.99
2023-12-26,103,Product C,3,9.99
2023-12-27,103,Product C,3,9.99
2023-01-01,104,Product D,1,49.99
2023-01-02,104,Product D,1,49.99
2023-01-03,104,Product D,1,49.99
2023-01-04,104,Product D,1,49.99
2023-01-05,104,Product D,1,49.99
2023-01-06,104,Product D,1,49.99
2023-01-07,104,Product D,1,49.99
2023-01-08,104,Product D,1,49.99
2023-01-09,104,Product D,1,49.99
2023-01-10,104,Product D,1,49.99
2023-01-11,104,Product D,1,49.99
2023-01-12,104,Product D,1,49.99
2023-01-13,104,Product D,1,49.99
2023-01-14,104,Product D,1,49.99
2023-01-15,104,Product D,1,49.99
2023-01-16,104,Product D,1,49.99
2023-01-17,104,Product D,1,49.99
2023-01-18,104,Product D,1,49.99
2023-01-19,104,Product D,1,49.99
2023-01-20,104,Product D,1,49.99
2023-01-21,104,Product D,1,49.99
2023-01-22,104,Product D,1,49.99
2023-01-23,104,Product D,1,49.99
2023-01-24,104,Product D,1,49.99
2023-01-25,104,Product D,1,49.99
2023-01-26,104,Product D,1,49.99
2023-01-27,104,Product D,1,49.99
2023-01-28,104,Product D,1,49.99
2023-01-29,104,Product D,1,49.99
2023-01-30,104,Product D,1,49.99
2023-01-31,104,Product D,1,49.99
2023-01-31,104,Product D,1,49.99
2023-02-01,104,Product D,1,49.99
2023-02-02,104,Product D,1,49.99
2023-02-03,104,Product D,1,49.99
2023-02-04,104,Product D,1,49.99
2023-02-05,104,Product D,1,49.99
2023-02-06,104,Product D,1,49.99
2023-02-07,104,Product D,1,49.99
2023-02-08,104,Product D,1,49.99
2023-02-09,104,Product D,1,49.99
2023-02-10,104,Product D,1,49.99
2023-02-11,104,Product D,1,49.99
2023-02-12,104,Product D,1,49.99
2023-02-13,104,Product D,1,49.99
2023-02-14,104,Product D,1,49.99
2023-02-15,104,Product D,1,49.99
2023-02-16,104,Product D,1,49.99
2023-02-17,104,Product D,2,49.99
2023-02-18,104,Product D,2,49.99
2023-02-19,104,Product D,1,49.99
2023-02-20,104,Product D,1,49.99
2023-02-21,104,Product D,1,49.99
2023-02-22,104,Product D,1,49.99
2023-02-23,104,Product D,1,49.99
2023-02-24,104,Product D,1,49.99
2023-02-25,104,Product D,1,49.99
2023-02-26,104,Product D,1,49.99
2023-02-27,104,Product D,1,49.99
2023-03-02,104,Product D,1,49.99
2023-03-03,104,Product D,1,49.99
2023-03-04,104,Product D,1,49.99
2023-03-05,104,Product D,1,49.99
2023-03-06,104,Product D,1,49.99
2023-03-07,104,Product D,1,49.99
2023-03-08,104,Product D,1,49.99
2023-03-09,104,Product D,1,49.99
2023-03-10,104,Product D,1,49.99
2023-03-11,104,Product D,1,49.99
2023-03-12,104,Product D,1,49.99
2023-03-13,104,Product D,1,49.99
2023-03-14,104,Product D,1,49.99
2023-03-15,104,Product D,1,49.99
2023-03-16,104,Product D,1,49.99
2023-03-17,104,Product D,1,49.99
2023-03-18,104,Product D,1,49.99
2023-03-19,104,Product D,1,49.99
2023-03-20,104,Product D,1,49.99
2023-03-21,104,Product D,1,49.99
2023-03-22,104,Product D,1,49.99
2023-03-23,104,Product D,1,49.99
2023-03-24,104,Product D,1,49.99
2023-03-25,104,Product D,1,49.99
2023-03-26,104,Product D,1,49.99
2023-03-27,104,Product D,1,49.99
2023-03-28,104,Product D,1,49.99
2023-03-29,104,Product D,1,49.99
2023-03-30,104,Product D,1,49.99
2023-03-31,104,Product D,1,49.99
2023-04-01,104,Product D,1,49.99
2023-04-01,104,Product D,1,49.99
2023-04-02,104,Product D,1,49.99
2023-04-03,104,Product D,1,49.99
2023-04-04,104,Product D,1,49.99
2023-04-05,104,Product D,1,49.99
2023-04-06,104,Product D,1,49.99
2023-04-07,104,Product D,1,49.99
2023-04-08,104,Product D,1,49.99
2023-04-09,104,Product D,2,49.99
2023-04-10,104,Product D,1,49.99
2023-04-11,104,Product D,1,49.99
2023-04-12,104,Product D,2,49.99
2023-04-13,104,Product D,1,49.99
2023-04-14,104,Product D,1,49.99
2023-04-15,104,Product D,1,49.99
2023-04-16,104,Product D,1,49.99
2023-04-17,104,Product D,1,49.99
2023-04-18,104,Product D,1,49.99
2023-04-19,104,Product D,1,49.99
2023-04-20,104,Product D,1,49.99
2023-04-21,104,Product D,1,49.99
2023-04-22,104,Product D,1,49.99
2023-04-23,104,Product D,1,49.99
2023-04-24,104,Product D,1,49.99
2023-04-25,104,Product D,1,49.99
2023-04-26,104,Product D,1,49.99
2023-04-27,104,Product D,1,49.99
2023-04-28,104,Product D,1,49.99
2023-04-29,104,Product D,1,49.99
2023-04-30,104,Product D,1,49.99
2023-05-01,104,Product D,1,49.99
2023-05-02,104,Product D,1,49.99
2023-05-03,104,Product D,1,49.99
2023-05-04,104,Product D,1,49.99
2023-05-05,104,Product D,1,49.99
2023-05-06,104,Product D,1,49.99
2023-05-07,104,Product D,1,49.99
2023-05-08,104,Product D,1,49.99
2023-05-09,104,Product D,1,49.99
2023-05-10,104,Product D,1,49.99
2023-05-11,104,Product D,1,49.99
2023-05-12,104,Product D,1,49.99
2023-05-13,104,Product D,1,49.99
2023-05-14,104,Product D,1,49.99
2023-05-15,104,Product D,1,49.99
2023-05-16,104,Product D,1,49.99
2023-05-17,104,Product D,1,49.99
2023-05-18,104,Product D,1,49.99
2023-05-19,104,Product D,2,49.99
2023-05-20,104,Product D,2,49.99
2023-05-21,104,Product D,1,49.99
2023-05-22,104,Product D,1,49.99
2023-05-23,104,Product D,1,49.99
2023-05-24,104,Product D,2,49.99
2023-05-25,104,Product D,2,49.99
2023-05-26,104,Product D,1,49.99
2023-05-27,104,Product D,1,49.99
2023-05-28,104,Product D,2,49.99
2023-05-29,104,Product D,1,49.99
2023-05-30,104,Product D,1,49.99
2023-05-31,104,Product D,1,49.99
2023-05-31,104,Product D,2,49.99
2023-06-01,104,Product D,2,49.99
2023-06-02,104,Product D,2,49.99
2023-06-03,104,Product D,2,49.99
2023-06-04,104,Product D,2,49.99
2023-06-05,104,Product D,2,49.99
2023-06-06,104,Product D,2,49.99
2023-06-07,104,Product D,2,49.99
2023-06-08,104,Product D,2,49.99
2023-06-09,104,Product D,2,49.99
2023-06-10,104,Product D,2,49.99
2023-06-11,104,Product D,2,49.99
2023-06-12,104,Product D,3,49.99
2023-06-13,104,Product D,2,49.99
2023-06-14,104,Product D,3,49.99
2023-06-15,104,Product D,2,49.99
2023-06-16,104,Product D,2,49.99
2023-06-17,104,Product D,2,49.99
2023-06-18,104,Product D,2,49.99
2023-06-19,104,Product D,2,49.99
2023-06-20,104,Product D,2,49.99
2023-06-21,104,Product D,2,49.99
2023-06-22,104,Product D,2,49.99
2023-06-23,104,Product D,2,49.99
2023-06-24,104,Product D,3,49.99
2023-06-25,104,Product D,2,49.99
2023-06-26,104,Product D,2,49.99
2023-06-27,104,Product D,2,49.99
2023-06-28,104,Product D,2,49.99
2023-06-29,104,Product D,2,49.99
2023-06-30,104,Product D,2,49.99
2023-07-01,104,Product D,2,49.99
2023-07-02,104,Product D,2,49.99
2023-07-03,104,Product D,2,49.99
2023-07-04,104,Product D,2,49.99
2023-07-05,104,Product D,2,49.99
2023-07-06,104,Product D,2,49.99
2023-07-07,104,Product D,2,49.99
2023-07-08,104,Product D,2,49.99
2023-07-09,104,Product D,2,49.99
2023-07-10,104,Product D,2,49.99
2023-07-11,104,Product D,2,49.99
2023-07-12,104,Product D,2,49.99
2023-07-13,104,Product D,2,49.99
2023-07-14,104,Product D,2,49.99
2023-07-15,104,Product D,2,49.99
2023-07-16,104,Product D,2,49.99
2023-07-17,104,Product D,2,49.99
2023-07-18,104,Product D,2,49.99
2023-07-19,104,Product D,2,49.99
2023-07-20,104,Product D,2,49.99
2023-07-21,104,Product D,2,49.99
2023-07-22,104,Product D,2,49.99
2023-07-23,104,Product D,2,49.99
2023-07-24,104,Product D,2,49.99
2023-07-25,104,Product D,2,49.99
2023-07-26,104,Product D,2,49.99
2023-07-27,104,Product D,2,49.99
2023-07-28,104,Product D,2,49.99
2023-07-29,104,Product D,3,49.99
2023-07-30,104,Product D,2,49.99
2023-07-30,104,Product D,2,49.99
2023-07-31,104,Product D,2,49.99
2023-08-01,104,Product D,2,49.99
2023-08-02,104,Product D,2,49.99
2023-08-03,104,Product D,2,49.99
2023-08-04,104,Product D,2,49.99
2023-08-05,104,Product D,2,49.99
2023-08-06,104,Product D,2,49.99
2023-08-07,104,Product D,2,49.99
2023-08-08,104,Product D,2,49.99
2023-08-09,104,Product D,2,49.99
2023-08-10,104,Product D,2,49.99
2023-08-11,104,Product D,3,49.99
2023-08-12,104,Product D,2,49.99
2023-08-13,104,Product D,2,49.99
2023-08-14,104,Product D,3,49.99
2023-08-15,104,Product D,2,49.99
2023-08-16,104,Product D,2,49.99
2023-08-17,104,Product D,3,49.99
2023-08-18,104,Product D,3,49.99
2023-08-19,104,Product D,3,49.99
2023-08-20,104,Product D,2,49.99
2023-08-21,104,Product D,3,49.99
2023-08-22,104,Product D,2,49.99
2023-08-23,104,Product D,2,49.99
2023-08-24,104,Product D,2,49.99
2023-08-25,104,Product D,2,49.99
2023-08-26,104,Product D,2,49.99
2023-08-27,104,Product D,2,49.99
2023-08-28,104,Product D,2,49.99
2023-08-29,104,Product D,2,49.99
2023-08-29,104,Product D,2,49.99
2023-08-30,104,Product D,2,49.99
2023-08-31,104,Product D,2,49.99
2023-09-01,104,Product D,1,49.99
2023-09-02,104,Product D,2,49.99
2023-09-03,104,Product D,1,49.99
2023-09-04,104,Product D,2,49.99
2023-09-05,104,Product D,2,49.99
2023-09-06,104,Product D,1,49.99
2023-09-07,104,Product D,2,49.99
2023-09-08,104,Product D,1,49.99
2023-09-09,104,Product D,2,49.99
2023-09-10,104,Product D,2,49.99
2023-09-11,104,Product D,2,49.99
2023-09-12,104,Product D,1,49.99
2023-09-13,104,Product D,2,49.99
2023-09-14,104,Product D,2,49.99
2023-09-15,104,Product D,2,49.99
2023-09-16,104,Product D,2,49.99
2023-09-17,104,Product D,1,49.99
2023-09-18,104,Product D,2,49.99
2023-09-19,104,Product D,2,49.99
2023-09-20,104,Product D,2,49.99
2023-09-21,104,Product D,2,49.99
2023-09-22,104,Product D,2,49.99
2023-09-23,104,Product D,2,49.99
2023-09-24,104,Product D,1,49.99
2023-09-25,104,Product D,1,49.99
2023-09-26,104,Product D,2,49.99
2023-09-27,104,Product D,2,49.99
2023-09-28,104,Product D,4,49.99
2023-09-29,104,Product D,3,49.99
2023-09-30,104,Product D,5,49.99
2023-10-01,104,Product D,4,49.99
2023-10-02,104,Product D,3,49.99
2023-10-03,104,Product D,4,49.99
2023-10-04,104,Product D,4,49.99
2023-10-05,104,Product D,4,49.99
2023-10-06,104,Product D,5,49.99
2023-10-07,104,Product D,4,49.99
2023-10-08,104,Product D,5,49.99
2023-10-09,104,Product D,4,49.99
2023-10-10,104,Product D,4,49.99
2023-10-11,104,Product D,4,49.99
2023-10-12,104,Product D,3,49.99
2023-10-13,104,Product D,4,49.99
2023-10-14,104,Product D,4,49.99
2023-10-15,104,Product D,4,49.99
2023-10-16,104,Product D,4,49.99
2023-10-17,104,Product D,5,49.99
2023-10-18,104,Product D,4,49.99
2023-10-19,104,Product D,5,49.99
2023-10-20,104,Product D,5,49.99
2023-10-21,104,Product D,4,49.99
2023-10-22,104,Product D,4,49.99
2023-10-23,104,Product D,4,49.99
2023-10-24,104,Product D,5,49.99
2023-10-25,104,Product D,4,49.99
2023-10-26,104,Product D,4,49.99
2023-10-27,104,Product D,3,49.99
2023-10-28,104,Product D,4,49.99
2023-10-28,104,Product D,5,49.99
2023-10-29,104,Product D,5,49.99
2023-10-30,104,Product D,5,49.99
2023-10-31,104,Product D,3,49.99
2023-11-01,104,Product D,4,49.99
2023-11-02,104,Product D,4,49.99
2023-11-03,104,Product D,4,49.99
2023-11-04,104,Product D,5,49.99
2023-11-05,104,Product D,4,49.99
2023-11-06,104,Product D,4,49.99
2023-11-07,104,Product D,4,49.99
2023-11-08,104,Product D,4,49.99
2023-11-09,104,Product D,5,49.99
2023-11-10,104,Product D,5,49.99
2023-11-11,104,Product D,5,49.99
2023-11-12,104,Product D,4,49.99
2023-11-13,104,Product D,5,49.99
2023-11-14,104,Product D,5,49.99
2023-11-15,104,Product D,4,49.99
2023-11-16,104,Product D,5,49.99
2023-11-17,104,Product D,5,49.99
2023-11-18,104,Product D,5,49.99
2023-11-19,104,Product D,3,49.99
2023-11-20,104,Product D,5,49.99
2023-11-21,104,Product D,4,49.99
2023-11-22,104,Product D,4,49.99
2023-11-23,104,Product D,4,49.99
2023-11-24,104,Product D,3,49.99
2023-11-25,104,Product D,5,49.99
2023-11-26,104,Product D,4,49.99
2023-11-27,104,Product D,5,49.99
2023-11-28,104,Product D,4,49.99
2023-11-29,104,Product D,4,49.99
2023-11-30,104,Product D,4,49.99
2023-12-01,104,Product D,5,49.99
2023-12-02,104,Product D,5,49.99
2023-12-03,104,Product D,5,49.99
2023-12-04,104,Product D,4,49.99
2023-12-05,104,Product D,5,49.99
2023-12-06,104,Product D,4,49.99
2023-12-07,104,Product D,5,49.99
2023-12-08,104,Product D,5,49.99
2023-12-09,104,Product D,5,49.99
2023-12-10,104,Product D,4,49.99
2023-12-11,104,Product D,4,49.99
2023-12-12,104,Product D,4,49.99
2023-12-13,104,Product D,5,49.99
2023-12-14,104,Product D,4,49.99
2023-12-15,104,Product D,5,49.99
2023-12-16,104,Product D,4,49.99
2023-12-17,104,Product D,4,49.99
2023-12-18,104,Product D,5,49.99
2023-12-19,104,Product D,4,49.99
2023-12-20,104,Product D,4,49.99
2023-12-21,104,Product D,5,49.99
2023-12-22,104,Product D,4,49.99
2023-12-23,104,Product D,5,49.99
2023-12-24,104,Product D,5,49.99
2023-12-25,104,Product D,4,49.99
2023-12-26,104,Product D,5,49.99
2023-12-27,104,Product D,4,49.99
2023-01-01,105,Product E,1,14.99
2023-01-02,105,Product E,1,14.99
2023-01-03,105,Product E,2,14.99
2023-01-04,105,Product E,1,14.99
2023-01-05,105,Product E,1,14.99
2023-01-06,105,Product E,1,14.99
2023-01-07,105,Product E,2,14.99
2023-01-08,105,Product E,1,14.99
2023-01-09,105,Product E,1,14.99
2023-01-10,105,Product E,1,14.99
2023-01-11,105,Product E,1,14.99
2023-01-12,105,Product E,1,14.99
2023-01-13,105,Product E,1,14.99
2023-01-14,105,Product E,1,14.99
2023-01-15,105,Product E,1,14.99
2023-01-16,105,Product E,1,14.99
2023-01-17,105,Product E,1,14.99
2023-01-18,105,Product E,1,14.99
2023-01-19,105,Product E,2,14.99
2023-01-20,105,Product E,1,14.99
2023-01-21,105,Product E,2,14.99
2023-01-22,105,Product E,1,14.99
2023-01-23,105,Product E,2,14.99
2023-01-24,105,Product E,1,14.99
2023-01-25,105,Product E,1,14.99
2023-01-26,105,Product E,1,14.99
2023-01-27,105,Product E,1,14.99
2023-01-28,105,Product E,1,14.99
2023-01-29,105,Product E,2,14.99
2023-01-30,105,Product E,2,14.99
2023-01-31,105,Product E,1,14.99
2023-01-31,105,Product E,2,14.99
2023-02-01,105,Product E,2,14.99
2023-02-02,105,Product E,1,14.99
2023-02-03,105,Product E,1,14.99
2023-02-04,105,Product E,2,14.99
2023-02-05,105,Product E,1,14.99
2023-02-06,105,Product E,2,14.99
2023-02-07,105,Product E,2,14.99
2023-02-08,105,Product E,2,14.99
2023-02-09,105,Product E,2,14.99
2023-02-10,105,Product E,2,14.99
2023-02-11,105,Product E,1,14.99
2023-02-12,105,Product E,1,14.99
2023-02-13,105,Product E,1,14.99
2023-02-14,105,Product E,2,14.99
2023-02-15,105,Product E,2,14.99
2023-02-16,105,Product E,1,14.99
2023-02-17,105,Product E,2,14.99
2023-02-18,105,Product E,2,14.99
2023-02-19,105,Product E,2,14.99
2023-02-20,105,Product E,1,14.99
2023-02-21,105,Product E,1,14.99
2023-02-22,105,Product E,2,14.99
2023-02-23,105,Product E,2,14.99
2023-02-24,105,Product E,1,14.99
2023-02-25,105,Product E,2,14.99
2023-02-26,105,Product E,2,14.99
2023-02-27,105,Product E,1,14.99
2023-03-02,105,Product E,1,14.99
2023-03-03,105,Product E,1,14.99
2023-03-04,105,Product E,1,14.99
2023-03-05,105,Product E,1,14.99
2023-03-06,105,Product E,1,14.99
2023-03-07,105,Product E,1,14.99
2023-03-08,105,Product E,1,14.99
2023-03-09,105,Product E,1,14.99
2023-03-10,105,Product E,1,14.99
2023-03-11,105,Product E,1,14.99
2023-03-12,105,Product E,2,14.99
2023-03-13,105,Product E,2,14.99
2023-03-14,105,Product E,1,14.99
2023-03-15,105,Product E,1,14.99
2023-03-16,105,Product E,2,14.99
2023-03-17,105,Product E,1,14.99
2023-03-18,105,Product E,2,14.99
2023-03-19,105,Product E,1,14.99
2023-03-20,105,Product E,2,14.99
2023-03-21,105,Product E,1,14.99
2023-03-22,105,Product E,1,14.99
2023-03-23,105,Product E,1,14.99
2023-03-24,105,Product E,1,14.99
2023-03-25,105,Product E,1,14.99
2023-03-26,105,Product E,2,14.99
2023-03-27,105,Product E,2,14.99
2023-03-28,105,Product E,2,14.99
2023-03-29,105,Product E,1,14.99
2023-03-30,105,Product E,1,14.99
2023-03-31,105,Product E,1,14.99
2023-04-01,105,Product E,1,14.99
2023-04-01,105,Product E,2,14.99
2023-04-02,105,Product E,1,14.99
2023-04-03,105,Product E,2,14.99
2023-04-04,105,Product E,1,14.99
2023-04-05,105,Product E,2,14.99
2023-04-06,105,Product E,1,14.99
2023-04-07,105,Product E,2,14.99
2023-04-08,105,Product E,2,14.99
2023-04-09,105,Product E,1,14.99
2023-04-10,105,Product E,1,14.99
2023-04-11,105,Product E,1,14.99
2023-04-12,105,Product E,1,14.99
2023-04-13,105,Product E,1,14.99
2023-04-14,105,Product E,1,14.99
2023-04-15,105,Product E,1,14.99
2023-04-16,105,Product E,2,14.99
2023-04-17,105,Product E,1,14.99
2023-04-18,105,Product E,2,14.99
2023-04-19,105,Product E,2,14.99
2023-04-20,105,Product E,1,14.99
2023-04-21,105,Product E,2,14.99
2023-04-22,105,Product E,2,14.99
2023-04-23,105,Product E,2,14.99
2023-04-24,105,Product E,1,14.99
2023-04-25,105,Product E,2,14.99
2023-04-26,105,Product E,1,14.99
2023-04-27,105,Product E,1,14.99
2023-04-28,105,Product E,2,14.99
2023-04-29,105,Product E,2,14.99
2023-04-30,105,Product E,2,14.99
2023-05-01,105,Product E,2,14.99
2023-05-02,105,Product E,2,14.99
2023-05-03,105,Product E,1,14.99
2023-05-04,105,Product E,2,14.99
2023-05-05,105,Product E,2,14.99
2023-05-06,105,Product E,2,14.99
2023-05-07,105,Product E,2,14.99
2023-05-08,105,Product E,2,14.99
2023-05-09,105,Product E,2,14.99
2023-05-10,105,Product E,2,14.99
2023-05-11,105,Product E,2,14.99
2023-05-12,105,Product E,2,14.99
2023-05-13,105,Product E,2,14.99
2023-05-14,105,Product E,2,14.99
2023-05-15,105,Product E,2,14.99
2023-05-16,105,Product E,1,14.99
2023-05-17,105,Product E,2,14.99
2023-05-18,105,Product E,2,14.99
2023-05-19,105,Product E,2,14.99
2023-05-20,105,Product E,2,14.99
2023-05-21,105,Product E,2,14.99
2023-05-22,105,Product E,1,14.99
2023-05-23,105,Product E,2,14.99
2023-05-24,105,Product E,2,14.99
2023-05-25,105,Product E,2,14.99
2023-05-26,105,Product E,1,14.99
2023-05-27,105,Product E,2,14.99
2023-05-28,105,Product E,1,14.99
2023-05-29,105,Product E,2,14.99
2023-05-30,105,Product E,2,14.99
2023-05-31,105,Product E,1,14.99
2023-05-31,105,Product E,3,14.99
2023-06-01,105,Product E,2,14.99
2023-06-02,105,Product E,2,14.99
2023-06-03,105,Product E,2,14.99
2023-06-04,105,Product E,3,14.99
2023-06-05,105,Product E,2,14.99
2023-06-06,105,Product E,2,14.99
2023-06-07,105,Product E,3,14.99
2023-06-08,105,Product E,2,14.99
2023-06-09,105,Product E,3,14.99
2023-06-10,105,Product E,3,14.99
2023-06-11,105,Product E,3,14.99
2023-06-12,105,Product E,3,14.99
2023-06-13,105,Product E,2,14.99
2023-06-14,105,Product E,3,14.99
2023-06-15,105,Product E,3,14.99
2023-06-16,105,Product E,2,14.99
2023-06-17,105,Product E,3,14.99
2023-06-18,105,Product E,3,14.99
2023-06-19,105,Product E,3,14.99
2023-06-20,105,Product E,2,14.99
2023-06-21,105,Product E,2,14.99
2023-06-22,105,Product E,3,14.99
2023-06-23,105,Product E,3,14.99
2023-06-24,105,Product E,3,14.99
2023-06-25,105,Product E,3,14.99
2023-06-26,105,Product E,3,14.99
2023-06-27,105,Product E,3,14.99
2023-06-28,105,Product E,3,14.99
2023-06-29,105,Product E,2,14.99
2023-06-30,105,Product E,3,14.99
2023-07-01,105,Product E,3,14.99
2023-07-02,105,Product E,3,14.99
2023-07-03,105,Product E,2,14.99
2023-07-04,105,Product E,3,14.99
2023-07-05,105,Product E,3,14.99
2023-07-06,105,Product E,2,14.99
2023-07-07,105,Product E,2,14.99
2023-07-08,105,Product E,2,14.99
2023-07-09,105,Product E,3,14.99
2023-07-10,105,Product E,2,14.99
2023-07-11,105,Product E,3,14.99
2023-07-12,105,Product E,3,14.99
2023-07-13,105,Product E,3,14.99
2023-07-14,105,Product E,2,14.99
2023-07-15,105,Product E,3,14.99
2023-07-16,105,Product E,3,14.99
2023-07-17,105,Product E,3,14.99
2023-07-18,105,Product E,2,14.99
2023-07-19,105,Product E,3,14.99
2023-07-20,105,Product E,3,14.99
2023-07-21,105,Product E,2,14.99
2023-07-22,105,Product E,3,14.99
2023-07-23,105,Product E,3,14.99
2023-07-24,105,Product E,2,14.99
2023-07-25,105,Product E,3,14.99
2023-07-26,105,Product E,3,14.99
2023-07-27,105,Product E,3,14.99
2023-07-28,105,Product E,2,14.99
2023-07-29,105,Product E,2,14.99
2023-07-30,105,Product E,2,14.99
2023-07-30,105,Product E,2,14.99
2023-07-31,105,Product E,3,14.99
2023-08-01,105,Product E,3,14.99
2023-08-02,105,Product E,2,14.99
2023-08-03,105,Product E,3,14.99
2023-08-04,105,Product E,3,14.99
2023-08-05,105,Product E,3,14.99
2023-08-06,105,Product E,2,14.99
2023-08-07,105,Product E,3,14.99
2023-08-08,105,Product E,2,14.99
2023-08-09,105,Product E,2,14.99
2023-08-10,105,Product E,3,14.99
2023-08-11,105,Product E,3,14.99
2023-08-12,105,Product E,3,14.99
2023-08-13,105,Product E,3,14.99
2023-08-14,105,Product E,2,14.99
2023-08-15,105,Product E,3,14.99
2023-08-16,105,Product E,3,14.99
2023-08-17,105,Product E,3,14.99
2023-08-18,105,Product E,3,14.99
2023-08-19,105,Product E,3,14.99
2023-08-20,105,Product E,2,14.99
2023-08-21,105,Product E,3,14.99
2023-08-22,105,Product E,3,14.99
2023-08-23,105,Product E,3,14.99
2023-08-24,105,Product E,2,14.99
2023-08-25,105,Product E,2,14.99
2023-08-26,105,Product E,2,14.99
2023-08-27,105,Product E,2,14.99
2023-08-28,105,Product E,2,14.99
2023-08-29,105,Product E,2,14.99
2023-08-29,105,Product E,2,14.99
2023-08-30,105,Product E,2,14.99
2023-08-31,105,Product E,2,14.99
2023-09-01,105,Product E,2,14.99
2023-09-02,105,Product E,2,14.99
2023-09-03,105,Product E,2,14.99
2023-09-04,105,Product E,2,14.99
2023-09-05,105,Product E,3,14.99
2023-09-06,105,Product E,2,14.99
2023-09-07,105,Product E,3,14.99
2023-09-08,105,Product E,2,14.99
2023-09-09,105,Product E,2,14.99
2023-09-10,105,Product E,2,14.99
2023-09-11,105,Product E,2,14.99
2023-09-12,105,Product E,2,14.99
2023-09-13,105,Product E,3,14.99
2023-09-14,105,Product E,2,14.99
2023-09-15,105,Product E,3,14.99
2023-09-16,105,Product E,2,14.99
2023-09-17,105,Product E,2,14.99
2023-09-18,105,Product E,2,14.99
2023-09-19,105,Product E,2,14.99
2023-09-20,105,Product E,2,14.99
2023-09-21,105,Product E,3,14.99
2023-09-22,105,Product E,3,14.99
2023-09-23,105,Product E,2,14.99
2023-09-24,105,Product E,2,14.99
2023-09-25,105,Product E,2,14.99
2023-09-26,105,Product E,2,14.99
2023-09-27,105,Product E,2,14.99
2023-09-28,105,Product E,5,14.99
2023-09-29,105,Product E,5,14.99
2023-09-30,105,Product E,4,14.99
2023-10-01,105,Product E,6,14.99
2023-10-02,105,Product E,5,14.99
2023-10-03,105,Product E,5,14.99
2023-10-04,105,Product E,5,14.99
2023-10-05,105,Product E,5,14.99
2023-10-06,105,Product E,5,14.99
2023-10-07,105,Product E,5,14.99
2023-10-08,105,Product E,6,14.99
2023-10-09,105,Product E,4,14.99
2023-10-10,105,Product E,5,14.99
2023-10-11,105,Product E,5,14.99
2023-10-12,105,Product E,6,14.99
2023-10-13,105,Product E,6,14.99
2023-10-14,105,Product E,4,14.99
2023-10-15,105,Product E,4,14.99
2023-10-16,105,Product E,5,14.99
2023-10-17,105,Product E,5,14.99
2023-10-18,105,Product E,5,14.99
2023-10-19,105,Product E,5,14.99
2023-10-20,105,Product E,5,14.99
2023-10-21,105,Product E,5,14.99
2023-10-22,105,Product E,5,14.99
2023-10-23,105,Product E,6,14.99
2023-10-24,105,Product E,6,14.99
2023-10-25,105,Product E,5,14.99
2023-10-26,105,Product E,5,14.99
2023-10-27,105,Product E,4,14.99
2023-10-28,105,Product E,4,14.99
2023-10-28,105,Product E,5,14.99
2023-10-29,105,Product E,6,14.99
2023-10-30,105,Product E,4,14.99
2023-10-31,105,Product E,5,14.99
2023-11-01,105,Product E,5,14.99
2023-11-02,105,Product E,4,14.99
2023-11-03,105,Product E,6,14.99
2023-11-04,105,Product E,6,14.99
2023-11-05,105,Product E,5,14.99
2023-11-06,105,Product E,6,14.99
2023-11-07,105,Product E,6,14.99
2023-11-08,105,Product E,5,14.99
2023-11-09,105,Product E,6,14.99
2023-11-10,105,Product E,4,14.99
2023-11-11,105,Product E,6,14.99
2023-11-12,105,Product E,5,14.99
2023-11-13,105,Product E,5,14.99
2023-11-14,105,Product E,5,14.99
2023-11-15,105,Product E,6,14.99
2023-11-16,105,Product E,7,14.99
2023-11-17,105,Product E,5,14.99
2023-11-18,105,Product E,6,14.99
2023-11-19,105,Product E,6,14.99
2023-11-20,105,Product E,6,14.99
2023-11-21,105,Product E,5,14.99
2023-11-22,105,Product E,6,14.99
2023-11-23,105,Product E,5,14.99
2023-11-24,105,Product E,6,14.99
2023-11-25,105,Product E,5,14.99
2023-11-26,105,Product E,5,14.99
2023-11-27,105,Product E,6,14.99
2023-11-28,105,Product E,4,14.99
2023-11-29,105,Product E,5,14.99
2023-11-30,105,Product E,5,14.99
2023-12-01,105,Product E,5,14.99
2023-12-02,105,Product E,5,14.99
2023-12-03,105,Product E,6,14.99
2023-12-04,105,Product E,6,14.99
2023-12-05,105,Product E,6,14.99
2023-12-06,105,Product E,7,14.99
2023-12-07,105,Product E,5,14.99
2023-12-08,105,Product E,6,14.99
2023-12-09,105,Product E,6,14.99
2023-12-10,105,Product E,6,14.99
2023-12-11,105,Product E,6,14.99
2023-12-12,105,Product E,5,14.99
2023-12-13,105,Product E,5,14.99
2023-12-14,105,Product E,5,14.99
2023-12-15,105,Product E,6,14.99
2023-12-16,105,Product E,5,14.99
2023-12-17,105,Product E,4,14.99
2023-12-18,105,Product E,5,14.99
2023-12-19,105,Product E,7,14.99
2023-12-20,105,Product E,4,14.99
2023-12-21,105,Product E,5,14.99
2023-12-22,105,Product E,5,14.99
2023-12-23,105,Product E,5,14.99
2023-12-24,105,Product E,5,14.99
2023-12-25,105,Product E,5,14.99
2023-12-26,105,Product E,4,14.99
2023-12-27,105,Product E,5,14.99
